PRAGMA foreign_keys=OFF;
BEGIN TRANSACTION;
CREATE TABLE android_metadata (locale TEXT);
INSERT INTO android_metadata VALUES('de_DE');
CREATE TABLE tables_metadata (table_id INTEGER PRIMARY KEY AUTOINCREMENT, name TEXT, pass TEXT, table_page INTEGER, form_page INTEGER, options INTEGER, ver INTEGER, view TEXT, sort1 INTEGER REFERENCES columns_metadata(column_id) ON DELETE SET NULL DEFERRABLE INITIALLY DEFERRED, dir1 TINYINT, sort2 INTEGER REFERENCES columns_metadata(column_id) ON DELETE SET NULL DEFERRABLE INITIALLY DEFERRED, dir2 TINYINT, sort3 INTEGER REFERENCES columns_metadata(column_id) ON DELETE SET NULL DEFERRABLE INITIALLY DEFERRED, dir3 TINYINT, sort4 INTEGER REFERENCES columns_metadata(column_id) ON DELETE SET NULL DEFERRABLE INITIALLY DEFERRED, dir4 TINYINT, sort5 INTEGER REFERENCES columns_metadata(column_id) ON DELETE SET NULL DEFERRABLE INITIALLY DEFERRED, dir5 TINYINT);
INSERT INTO tables_metadata VALUES(1,'a_log',NULL,19,19,NULL,26,'FORM',27,1,NULL,1,NULL,NULL,NULL,NULL,NULL,NULL);
INSERT INTO tables_metadata VALUES(2,'the_method',NULL,NULL,NULL,NULL,26,'FORM',NULL,NULL,NULL,NULL,NULL,NULL,NULL,NULL,NULL,NULL);
INSERT INTO tables_metadata VALUES(4,'the_period',NULL,NULL,NULL,NULL,26,'FORM',13,0,NULL,0,NULL,NULL,NULL,NULL,NULL,NULL);
INSERT INTO tables_metadata VALUES(5,'the_eligibility',NULL,NULL,NULL,NULL,26,'FORM',NULL,NULL,NULL,NULL,NULL,NULL,NULL,NULL,NULL,NULL);
INSERT INTO tables_metadata VALUES(6,'the_category',NULL,NULL,NULL,NULL,26,'FORM',NULL,NULL,NULL,NULL,NULL,NULL,NULL,NULL,NULL,NULL);
INSERT INTO tables_metadata VALUES(7,'a_result',NULL,NULL,NULL,NULL,26,'FORM',NULL,NULL,NULL,NULL,NULL,NULL,NULL,NULL,NULL,NULL);
INSERT INTO tables_metadata VALUES(8,'the_followup',NULL,NULL,NULL,NULL,26,'FORM',31,0,NULL,NULL,NULL,NULL,NULL,NULL,NULL,NULL);
CREATE TABLE columns_metadata (column_id INTEGER PRIMARY KEY AUTOINCREMENT, table_id INTEGER REFERENCES tables_metadata(table_id) ON DELETE CASCADE DEFERRABLE INITIALLY DEFERRED, name TEXT, type TEXT, pos UNSIGNED INTEGER, rel INTEGER REFERENCES columns_metadata(column_id) ON DELETE CASCADE DEFERRABLE INITIALLY DEFERRED);
INSERT INTO columns_metadata VALUES(1,2,'ts','DATE_TIME',2147483647,NULL);
INSERT INTO columns_metadata VALUES(2,2,'background','TEXT',2147483647,NULL);
INSERT INTO columns_metadata VALUES(3,2,'objective','TEXT',2147483647,NULL);
INSERT INTO columns_metadata VALUES(4,2,'media','TEXT',2147483647,NULL);
INSERT INTO columns_metadata VALUES(5,2,'material','TEXT',2147483647,NULL);
INSERT INTO columns_metadata VALUES(6,2,'design','TEXT',2147483647,NULL);
INSERT INTO columns_metadata VALUES(7,2,'screening','TEXT',2147483647,NULL);
INSERT INTO columns_metadata VALUES(8,2,'extraction','TEXT',2147483647,NULL);
INSERT INTO columns_metadata VALUES(9,2,'qoe','TEXT',2147483647,NULL);
INSERT INTO columns_metadata VALUES(10,2,'synthesis','TEXT',2147483647,NULL);
INSERT INTO columns_metadata VALUES(11,4,'label','TEXT',1,NULL);
INSERT INTO columns_metadata VALUES(12,4,'ts','DATE_TIME',4,NULL);
INSERT INTO columns_metadata VALUES(13,4,'pos','INTEGER',3,NULL);
INSERT INTO columns_metadata VALUES(18,5,'label','TEXT',1,NULL);
INSERT INTO columns_metadata VALUES(19,5,'ts','DATE_TIME',2,NULL);
INSERT INTO columns_metadata VALUES(21,6,'label','TEXT',2147483647,NULL);
INSERT INTO columns_metadata VALUES(22,6,'criteria','TEXT',2147483647,NULL);
INSERT INTO columns_metadata VALUES(23,6,'ts','DATE_TIME',2147483647,NULL);
INSERT INTO columns_metadata VALUES(24,4,'cat','RELATIONSHIP',2,21);
INSERT INTO columns_metadata VALUES(25,1,'period','RELATIONSHIP',2,11);
INSERT INTO columns_metadata VALUES(26,1,'eligibility','RELATIONSHIP',3,18);
INSERT INTO columns_metadata VALUES(27,1,'ts','DATE_TIME',1,NULL);
INSERT INTO columns_metadata VALUES(29,8,'ts','DATE_TIME',3,NULL);
INSERT INTO columns_metadata VALUES(30,8,'label','TEXT',1,NULL);
INSERT INTO columns_metadata VALUES(31,8,'pos','INTEGER',2,NULL);
INSERT INTO columns_metadata VALUES(32,7,'ts','DATE_TIME',8,NULL);
INSERT INTO columns_metadata VALUES(33,7,'followup','RELATIONSHIP',1,30);
INSERT INTO columns_metadata VALUES(34,7,'primary_nne_total','TEXT',2,NULL);
INSERT INTO columns_metadata VALUES(35,7,'sec_1_nne_ward','TEXT',3,NULL);
INSERT INTO columns_metadata VALUES(36,7,'sec_2_nne_expert','TEXT',4,NULL);
INSERT INTO columns_metadata VALUES(37,7,'sec_3_nne_workup','TEXT',5,NULL);
INSERT INTO columns_metadata VALUES(38,7,'sec_4_nnm_total','TEXT',6,NULL);
INSERT INTO columns_metadata VALUES(39,7,'trend_analyses','TEXT',7,NULL);
INSERT INTO columns_metadata VALUES(40,7,'primary_95ci_lower','TEXT',2,NULL);
INSERT INTO columns_metadata VALUES(41,7,'sec_1_95ci_lower','TEXT',3,NULL);
INSERT INTO columns_metadata VALUES(42,7,'sec_2_95ci_lower','TEXT',4,NULL);
INSERT INTO columns_metadata VALUES(43,7,'sec_3_95ci_lower','TEXT',5,NULL);
INSERT INTO columns_metadata VALUES(44,7,'sec_4_95ci_lower','TEXT',6,NULL);
INSERT INTO columns_metadata VALUES(45,7,'primary_95ci_upper','TEXT',2,NULL);
INSERT INTO columns_metadata VALUES(46,7,'sec_1_95ci_upper','TEXT',3,NULL);
INSERT INTO columns_metadata VALUES(47,7,'sec_2_95ci_upper','TEXT',4,NULL);
INSERT INTO columns_metadata VALUES(48,7,'sec_3_95ci_upper','TEXT',5,NULL);
INSERT INTO columns_metadata VALUES(49,7,'sec_4_95ci_upper','TEXT',6,NULL);
CREATE TABLE views_metadata (view_id INTEGER PRIMARY KEY AUTOINCREMENT, table_id INTEGER REFERENCES tables_metadata(table_id) ON DELETE CASCADE DEFERRABLE INITIALLY DEFERRED, name TEXT,  table_page INTEGER, form_page INTEGER, options INTEGER, ver INTEGER, view TEXT, sort1 INTEGER REFERENCES fields_metadata(field_id) ON DELETE SET NULL DEFERRABLE INITIALLY DEFERRED, dir1 TINYINT, sort2 INTEGER REFERENCES fields_metadata(field_id) ON DELETE SET NULL DEFERRABLE INITIALLY DEFERRED, dir2 TINYINT, sort3 INTEGER REFERENCES fields_metadata(field_id) ON DELETE SET NULL DEFERRABLE INITIALLY DEFERRED, dir3 TINYINT, sort4 INTEGER REFERENCES fields_metadata(field_id) ON DELETE SET NULL DEFERRABLE INITIALLY DEFERRED, dir4 TINYINT, sort5 INTEGER REFERENCES fields_metadata(field_id) ON DELETE SET NULL DEFERRABLE INITIALLY DEFERRED, dir5 TINYINT);
CREATE TABLE fields_metadata (field_id INTEGER PRIMARY KEY AUTOINCREMENT, view_id INTEGER REFERENCES views_metadata(view_id) ON DELETE CASCADE DEFERRABLE INITIALLY DEFERRED, name TEXT, type TEXT, formula TEXT, pos UNSIGNED INTEGER);
CREATE TABLE old_tables (table_id INTEGER PRIMARY KEY AUTOINCREMENT, name TEXT);
INSERT INTO old_tables VALUES(1,'category');
CREATE TABLE t1 (id INTEGER PRIMARY KEY AUTOINCREMENT, c25 INTEGER REFERENCES t4(id) ON DELETE SET NULL DEFERRABLE INITIALLY DEFERRED, c26 INTEGER REFERENCES t5(id) ON DELETE SET NULL DEFERRABLE INITIALLY DEFERRED, c27 TEXT, c28 TEXT);
INSERT INTO t1 VALUES(1,19,2,'2019-05-05 21:38',NULL);
INSERT INTO t1 VALUES(2,20,2,'2019-05-06 07:39',NULL);
INSERT INTO t1 VALUES(3,3,1,'2019-05-06 09:05',NULL);
INSERT INTO t1 VALUES(4,1,1,'2019-05-06 18:02',NULL);
INSERT INTO t1 VALUES(5,4,2,'2019-05-06 21:09',NULL);
INSERT INTO t1 VALUES(6,2,2,'2019-05-07 06:41',NULL);
INSERT INTO t1 VALUES(7,6,2,'2019-05-07 18:12',NULL);
INSERT INTO t1 VALUES(8,7,2,'2019-05-07 21:30',NULL);
INSERT INTO t1 VALUES(9,8,2,'2019-05-08 08:03',NULL);
INSERT INTO t1 VALUES(10,9,2,'2019-05-08 09:06',NULL);
INSERT INTO t1 VALUES(11,10,1,'2019-05-08 18:04',NULL);
INSERT INTO t1 VALUES(12,11,2,'2019-05-08 21:21',NULL);
INSERT INTO t1 VALUES(13,12,2,'2019-05-09 08:28',NULL);
INSERT INTO t1 VALUES(14,13,2,'2019-05-09 09:00',NULL);
INSERT INTO t1 VALUES(15,14,2,'2019-05-09 18:01',NULL);
INSERT INTO t1 VALUES(16,15,2,'2019-05-09 22:36',NULL);
INSERT INTO t1 VALUES(17,16,2,'2019-05-10 15:21',NULL);
INSERT INTO t1 VALUES(18,17,2,'2019-05-10 15:22',NULL);
INSERT INTO t1 VALUES(19,18,2,'2019-05-10 19:38',NULL);
INSERT INTO t1 VALUES(20,5,2,'2019-05-11 15:16',NULL);
CREATE TABLE t2 (id INTEGER PRIMARY KEY AUTOINCREMENT, c1 TEXT, c2 TEXT, c3 TEXT, c4 TEXT, c5 TEXT, c6 TEXT, c7 TEXT, c8 TEXT, c9 TEXT, c10 TEXT);
INSERT INTO t2 VALUES(1,'2019-05-03 10:47',replace('2 февраля 2019 спланирован и опубликован мой новый режим.\n\nhttp://pussia.today/2019/02/02/new-schedule/\n\nВыдержка из поста:\n\n> Пн.–пт. с 9 до 18 ― в отделении (до 45 часов в неделю).\n>\n> Пн.–чт., вс. с 21 до 6 ― за экспертизами (до 45 часов в неделю).\n>\n> Все остальное время (до 78 часов в неделю) ― на подготовку. Туда попадают вся p1m-ortho, cамообразование и дежурства.\n>\n> (…)\n>\n> Режим не то чтобы совсем новый, но такой формализованный вид сегодня получил впервые. Также впервые время на экспертизу и подготовку выделено достаточно четко.\n>\n> Очевидно, что разметка эта ― достаточно грубая, потому что не выделено время на сон и другие вещи. Кроме того, границы окончания на практике то и дело съезжают кверху (освобождаюсь раньше), что высвобождает время.\n>\n> Так или иначе, впервые за долгое время я придаю своему графику стройный вид и однозначно впервые это публикую, причем основная цель здесь ― контроль для самого себя на будущее; личных дневников у меня нет, ничего секретного в этой информации не вижу, а зафиксировать нужно, и с учетом уже имеющегося ресурса «Паша сегодня» опубликовать в нем представляется оптимальным решением (…)\n\nВместе с тем, сегодня, 3 мая 2019, объективные данные, такие как фактическая посещаемость отделения, часы фактической работы над экспертизами и часы и плотность коммитов на p1m-ortho и время постов на pussia.today, а также некоторые дополнительные источники сведений о деятельности, такие как страницы в социальных сетях и переписки в мессенджерах, в моей интерпретации свидетельствуют, что режим фактически не соблюдаю совсем.\n\nНиже для справки количество времени, уже прошедшего на данный момент с момента учреждения нового режима.\n\nhttps://www.timeanddate.com/date/durationresult.html?d1=02&m1=02&y1=2019&h1=23&i1=57&s1=&d2=3&m2=5&y2=2019&h2=10&i2=47&s2=\n\nFrom: Samstag, 2. Februar 2019, 23:57:00\nTo: Freitag, 3. Mai 2019, 10:47:00\n\nResult: 89 days, 10 hours, 50 minutes and 0 seconds\n\nThe duration is 89 days, 10 hours, 50 minutes and 0 seconds\n\nOr 3 months, 10 hours, 50 minutes\n\nAlternative time units\n\n89 days, 10 hours, 50 minutes and 0 seconds can be converted to one of these units:\n\n7 728 600 seconds\n\n128 810 minutes\n\n2146 hours (rounded down)\n\n89 days (rounded down)\n\n12 weeks (rounded down)\n\n24,51% of 2019\n\nПри правильной организации учета этот режим дает понять: вот я работаю в отделении, вот занимаюсь экспертизой, и вот свидетельства.','\n',char(10)),'Собрать целенаправленную отчетность по соблюдению режима для повышения его соблюдаемости либо подготовки конструктивных изменений.','Неприменимо, так как объект изучения — выполняемая деятельность.','Единицей измерения будет период — деятельность, выполненная за определенный временной интервал в режиме.',replace('Настоящий протокол (вся эта база данных в виде SQL-запроса) опубликую в специальном личном публичном репозитории на Гитхабе до начала исследования.\n\nВ журнале в этой базе по окончании каждого периода ответственное лицо должно будет оставить запись.\n\nЗапись будет содержать заключение экспертной группы о том, соответственно ли я затратил данный период.\n\nТаким образом, в записи в журнале должно быть указано:\n\n* временной штамп на момент создания записи,\n* временной период, к которому относится заключение,\n* соответствие израсходования периода согласно суждению экспертной группы,\n* на усмотрение экспертной группы или ответственного лица — свободнотекстовый комментарий к записи.\n\nОтветственное лицо пока что будет представлено лично мной.','\n',char(10)),replace('Учету и включению в последующий анализ подлежат все периоды и вся деятельность, выполненная мной за этот период. При этом периоды согласно режиму покрывают 24/7, а за деятельность здесь считаю вообще все, что со мной происходит за это время.\n\nВполне ожидаемо, что некоторые периоды или некоторая деятельность будут пропущены.\n\nОсобенно ожидаемы ситуации, когда запись будет вноситься спустя два и более периода по сравнению с предыдущей. В таком случае нужно приложить все усилия, чтобы охарактеризовать не только последний период, но и все предыдущие. Лишь при полной амнезии произошедшего и абсолютной неудаче получить эти сведения извне следует эти периоды допустимо считать пропущенными. При восстановлении этих сведений в будущем требуется незамедлительно внести их в журнал. Лишь на периоды, произошедшие со 2 февраля 2019 по дату публикации этого протокола (ориентировочно 4 мая 2019), эти требования распространяются не столь жестко.\n\nНа ситуации, когда пропущена часть деятельности в пределах периода, так что затрудняется определение соответствия, распространяются те же условия: приложить все усилия и восстановить все необходимые сведения во что бы то ни стало. Лишь в самом скверном случае допускается считать такой период пропущенным и не вносить его. При восстановлении этих сведений в будущем требуется незамедлительно внести их в журнал. ','\n',char(10)),replace('Согласно новому режиму каждому периоду соответствует только одна определенная категория деятельности, которой я должен этот период посвятить.\n\nСписок категорий соответствия и их операционализированные критерии для каждой категории деятельности, которые по сравнению с оригинальным постом установлю впервые, см. в отдельных таблицах.\n\nРешение о соответствии будет выносить экспертная группа.\nЭкспертная группа пока что будет представлена лично мной.','\n',char(10)),replace('Что может поспособствовать завышению или занижению общей доли соответствий?\n\n* Сложно сказать, см. ниже в детализации.\n\nЧто может поспособствовать завышению или занижению доли соответствий по отделению?\n\n1. Хождение в отделение с фактическим выполнением небольшого объема клинической работы — завышенно оптимистичная оценка, но пока оставим эту проблему до дальнейших времен: детализация клинической деятельности.\n2. Избыточное нехождение по не зависящим от меня причинам — заниженно пессимистичная оценка, но пусть будет: это жестокий мир, нечего его смягчать.\n3. Активное занятие клинической работой вне отделения — заниженно пессимистичная оценка, но пусть будет, особенно пока сохраняется риск 1.\n4. Активное занятие клинической работой в другие периоды, в том числе в выходные дни — заниженно пессимистичная оценка, но пусть тоже будет, см. риск 3.\n5. Частые пропуски периодов по случайным причинам — случайные колебания, общее снижение мощности, но для этого и вынесено во вторичный исход, чтобы мониторить и при учащении пропусков стимулировать заполняемость.\n6. Систематические пропуски периодов, когда не пошел в отделение, из соображений мошенничества — завышенно оптимистичная оценка, но на этот случай предусмотрена система жестких требований по отсутствию пропусков вообще и включение пропусков как вторичного исхода с их мониторингом, что в совокупности призвано задушить мошенника.\n7. Систематические пропуски периодов, когда не пошел в отделение, потому что усиленно развлекался — завышенно оптимистичная оценка, но включается система контроля пропусков, см. риск 6.\n8. Систематические пропуски периодов, когда пошел в отделение, из-за усталости после работы — заниженно пессимистичная оценка, но такие пропуски, пожалуй, одни из немногих действительно обоснованных, система контроля против них бессильна, так что это пессимизация, на которую приходится идти; также см. риск 2.\n\nЧто может поспособствовать завышению или занижению доли соответствий по экспертизе?\n\n9. Избыточное начинание заданий без их завершения — завышенно оптимистичная оценка, но пресекается руководством.\n10. Большое количество неоплачиваемых коррекций — заниженно пессимистичная оценка, но есть свидетельства, что этого не происходит.\n11. Большой объем экспертиз, вынуждающий растягивать работу на несколько периодов — заниженно пессимистичная оценка, но также есть свидетельства, что этого не происходит.\n12. Частые пропуски периодов по случайным причинам — случайные колебания, общее снижение мощности, но приняты меры, см. риск 5.\n13. Систематические пропуски периодов, когда не выполнил условий соответствия, из соображений мошенничества — завышенно оптимистичная оценка, но приняты меры, см. риск 6.\n14. Систематические пропуски периодов, когда не выполнил условий соответствия, потому что усиленно развлекался — завышенно оптимистичная оценка, но приняты меры, см. риск 6.\n15. Систематические пропуски периодов, когда соответствовал условиям, из-за усталости после окончания работы — заниженно пессимистичная оценка, но см. риск 8.\n\nЧто может поспособствовать завышению или занижению доли соответствий по подготовке?\n\n16. Чувство гордости и сделанного дела после, достигаемое выполнением развлекательных задач — завышенно оптимистичная оценка, но пресекается критериями.\n17. Отсутствие чувства гордости и сделанного дела даже после выполнения адекватных задач на общем сниженном фоне настроения — заниженно пессимистичная оценка, но пусть, см. риск 2.\n18. Отсутствие чувства гордости и сделанного дела даже после выполнения адекватных задач из-за снижения настроения по другим причинам — заниженно пессимистичная оценка, но пусть, см. риск 2.\n19. Частые пропуски периодов по случайным причинам — случайные колебания, общее снижение мощности, но приняты меры, см. риск 5.\n20. Систематические пропуски периодов, когда не было нужного чувства, из соображений мошенничества — завышенно оптимистичная оценка, но приняты меры, см. риск 6.\n21. Систематические пропуски периодов, когда не было нужного чувства, из-за снижения мотивации в такие моменты — завышенно оптимистичная оценка, но балансируется рисками 17 и 18.\n22. Систематические пропуски периодов, когда было нужное чувство, потому что усиленно его праздновал, — заниженно пессимистичная оценка, но приняты меры, см. риск 6.\n\nЧто может поспособствовать завышению или занижению доли пропусков?\n\n* См. выше.','\n',char(10)),replace('Все оценки выполняются:\n\n1. За прошедшую неделю.\n2. За прошедший месяц.\n3. За прошедшие три месяца.\n4. За прошедшие шесть месяцев.\n5. За прошедшие девять месяцев.\n6. За прошедший год.\n7. За все прошедшее время.\n\nТренды пока не анализируем, но, может быть, будем в будущем.\n\nПервичный исход:\n\n1. Число периодов, которое должно пройти для достижения одного соответствия периода (показатель, обратный общей доле соответствующих периодов).\n\nВторичные исходы:\n\n1. Число периодов, которое должно пройти для достижения одного соответствия периода отделения (показатель, обратный доле соответствующих периодов отделения).\n2. Число периодов, которое должно пройти для достижения одного соответствия периода экспертизы (показатель, обратный доле соответствующих периодов экспертизы).\n3. Число периодов, которое должно пройти для достижения одного соответствия периода подготовки (показатель, обратный доле соответствующих периодов подготовки).\n4. Число периодов, которое должно пройти для пропуска одного периода (показатель, обратный общей доле пропущенных периодов).','\n',char(10)));
CREATE TABLE IF NOT EXISTS "o1" (id INTEGER PRIMARY KEY AUTOINCREMENT, c14 TEXT, c15 TEXT, c16 TEXT, c17 BIGINT);
CREATE TABLE t4 (id INTEGER PRIMARY KEY AUTOINCREMENT, c11 TEXT, c12 TEXT, c13 BIGINT, c24 INTEGER REFERENCES t6(id) ON DELETE SET NULL DEFERRABLE INITIALLY DEFERRED);
INSERT INTO t4 VALUES(1,'Пн. с 9 до 18 ― в отделении (до 9 из 45 часов в неделю, или до 20 %)','2019-05-03 14:39',3,1);
INSERT INTO t4 VALUES(2,'Пн. с 21 до 6 ― за экспертизами (до 9 из 45 часов в неделю, или до 20 %)','2019-05-03 14:39',5,2);
INSERT INTO t4 VALUES(3,'Пн. с 6 до 9 ― подготовка (до 3 из 78 часов в неделю, или до 4 %)','2019-05-03 14:41',2,3);
INSERT INTO t4 VALUES(4,'Пн. с 18 до 21 ― подготовка (до 3 из 78 часов в неделю, или до 4 %)','2019-05-03 14:43',4,3);
INSERT INTO t4 VALUES(5,'Вт. с 6 до 9 ― подготовка (до 3 из 78 часов в неделю, или до 4 %)','2019-05-03 14:45',6,3);
INSERT INTO t4 VALUES(6,'Вт. с 9 до 18 ― в отделении (до 9 из 45 часов в неделю, или до 20 %)','2019-05-03 14:46',7,1);
INSERT INTO t4 VALUES(7,'Вт. с 18 до 21 ― подготовка (до 3 из 78 часов в неделю, или до 4 %)','2019-05-03 14:46',8,3);
INSERT INTO t4 VALUES(8,'Вт. с 21 до 6 ― за экспертизами (до 9 из 45 часов в неделю, или до 20 %)','2019-05-03 14:46',9,2);
INSERT INTO t4 VALUES(9,'Ср. с 6 до 9 ― подготовка (до 3 из 78 часов в неделю, или до 4 %)','2019-05-03 14:46',10,3);
INSERT INTO t4 VALUES(10,'Ср. с 9 до 18 ― в отделении (до 9 из 45 часов в неделю, или до 20 %)','2019-05-03 14:47',11,1);
INSERT INTO t4 VALUES(11,'Ср. с 18 до 21 ― подготовка (до 3 из 78 часов в неделю, или до 4 %)','2019-05-03 14:58',12,3);
INSERT INTO t4 VALUES(12,'Ср. с 21 до 6 ― за экспертизами (до 9 из 45 часов в неделю, или до 20 %)','2019-05-03 14:58',13,2);
INSERT INTO t4 VALUES(13,'Чт. с 6 до 9 ― подготовка (до 3 из 78 часов в неделю, или до 4 %)','2019-05-03 14:59',14,3);
INSERT INTO t4 VALUES(14,'Чт. с 9 до 18 ― в отделении (до 9 из 45 часов в неделю, или до 20 %)','2019-05-03 15:03',15,1);
INSERT INTO t4 VALUES(15,'Чт. с 18 до 21 ― подготовка (до 3 из 78 часов в неделю, или до 4 %)','2019-05-03 15:04',16,3);
INSERT INTO t4 VALUES(16,'Чт. с 21 до 6 ― за экспертизами (до 9 из 45 часов в неделю, или до 20 %)','2019-05-03 15:04',17,2);
INSERT INTO t4 VALUES(17,'Пт. с 6 до 9 ― подготовка (до 3 из 78 часов в неделю, или до 4 %)','2019-05-03 15:04',18,3);
INSERT INTO t4 VALUES(18,'Пт. с 9 до 18 ― в отделении (до 9 из 45 часов в неделю, или до 20 %)','2019-05-03 15:05',19,1);
INSERT INTO t4 VALUES(19,'Пт. с 18 до вс. 21 ― подготовка (до 51 из 78 часов в неделю, или до 65 %)','2019-05-03 15:05',20,3);
INSERT INTO t4 VALUES(20,'Вс. с 21 до 6 ― за экспертизами (до 9 из 45 часов в неделю, или до 20 %)','2019-05-03 15:12',1,2);
CREATE TABLE t5 (id INTEGER PRIMARY KEY AUTOINCREMENT, c18 TEXT, c19 TEXT, c20 TEXT);
INSERT INTO t5 VALUES(1,'Соответствие','2019-05-03 17:36',NULL);
INSERT INTO t5 VALUES(2,'Несоответствие','2019-05-03 17:36',NULL);
CREATE TABLE t6 (id INTEGER PRIMARY KEY AUTOINCREMENT, c21 TEXT, c22 TEXT, c23 TEXT);
INSERT INTO t6 VALUES(1,'Отделение',replace('Побывать в отделении.\nПричина отсутствия не имеет значения.\nБудь то официальные выходные, отпуск, болезнь или смерть близкого родственника.\nУчет по фактической посещаемости.','\n',char(10)),'2019-05-03 18:09');
INSERT INTO t6 VALUES(2,'Экспертиза',replace('Сделать хотя бы одну экспертизу.\nИменно начать одну новую, оплачиваемую экспертизу.\nДоделки уже начатых и коррекции уже сделанных не в счет.','\n',char(10)),'2019-05-03 18:09');
INSERT INTO t6 VALUES(3,'Подготовка',replace('Испытать a sense of pride and accomplishment.\nThe sense of pride and accomplishment, полученное от игры в Battlefront и решения прочих непрактичных задач, не в счет.\nТолько the sense of pride and accomplishment, полученное от выполнения задач, имеющих практическое значение.\nРазделение, что считать практичным, а что нет, остается на мое усмотрение.\nВ сложных случаях соответствие следует определять по велению сердца.','\n',char(10)),'2019-05-03 18:09');
CREATE TABLE t7 (id INTEGER PRIMARY KEY AUTOINCREMENT, c32 TEXT, c33 INTEGER REFERENCES t8(id) ON DELETE SET NULL DEFERRABLE INITIALLY DEFERRED, c34 TEXT, c35 TEXT, c36 TEXT, c37 TEXT, c38 TEXT, c39 TEXT, c40 TEXT, c41 TEXT, c42 TEXT, c43 TEXT, c44 TEXT, c45 TEXT, c46 TEXT, c47 TEXT, c48 TEXT, c49 TEXT);
INSERT INTO t7 VALUES(1,'2019-05-11 15:33',1,'7','3','NaN','9','20',NULL,'3','2','NaN','2','4','24','14','NaN','173','385');
CREATE TABLE t8 (id INTEGER PRIMARY KEY AUTOINCREMENT, c29 TEXT, c30 TEXT, c31 BIGINT);
INSERT INTO t8 VALUES(1,'2019-05-10 19:55','За прошедшую неделю',1);
INSERT INTO t8 VALUES(2,'2019-05-10 19:55','За прошедший месяц',2);
INSERT INTO t8 VALUES(3,'2019-05-10 20:02','За прошедшие три месяца',3);
INSERT INTO t8 VALUES(4,'2019-05-10 20:02','За прошедшие шесть месяцев',4);
INSERT INTO t8 VALUES(5,'2019-05-10 20:03','За прошедшие девять месяцев',5);
INSERT INTO t8 VALUES(6,'2019-05-10 20:03','За прошедший год',6);
INSERT INTO t8 VALUES(7,'2019-05-10 20:03','За все прошедшее время',7);
DELETE FROM sqlite_sequence;
INSERT INTO sqlite_sequence VALUES('tables_metadata',8);
INSERT INTO sqlite_sequence VALUES('columns_metadata',49);
INSERT INTO sqlite_sequence VALUES('t2',1);
INSERT INTO sqlite_sequence VALUES('t4',21);
INSERT INTO sqlite_sequence VALUES('o1',15);
INSERT INTO sqlite_sequence VALUES('old_tables',1);
INSERT INTO sqlite_sequence VALUES('t5',2);
INSERT INTO sqlite_sequence VALUES('t6',3);
INSERT INTO sqlite_sequence VALUES('t1',20);
INSERT INTO sqlite_sequence VALUES('t8',7);
INSERT INTO sqlite_sequence VALUES('t7',1);
COMMIT;
